"2025/06/19 06:47:15.807ç§’","çŒ«å®®ãƒŠãƒ„ã‚­","@nekomiyanatuki","#ãƒ­ã‚°","/admin-ms message list_templates","message: undefined","ãªã—"
"2025/06/19 06:49:59.917ç§’","çŒ«å®®ãƒŠãƒ„ã‚­","@nekomiyanatuki","#ãƒ­ã‚°","/admin-ms message announce","message: undefined","ãªã—"
"2025/06/19 06:57:10.712ç§’","çŒ«å®®ãƒŠãƒ„ã‚­","@nekomiyanatuki","#ãƒ­ã‚°","/admin-ms message list_templates","message: undefined","ãªã—"
"2025/06/19 06:58:03.790ç§’","çŒ«å®®ãƒŠãƒ„ã‚­","@nekomiyanatuki","#ãƒ­ã‚°","/admin-ms message announce","message: undefined","ãªã—"
"2025/06/19 06:59:57.292ç§’","çŒ«å®®ãƒŠãƒ„ã‚­","@nekomiyanatuki","#ãƒ­ã‚°","/admin-ms message announce","message: undefined","ãªã—"
"2025/06/19 21:08:47.527ç§’","çŒ«å®®ãƒŠãƒ„ã‚­","@nekomiyanatuki","#çŒ«ã®æ—¥å¸¸ï¼ˆé›‘è«‡ï¼‰","/gacha","ï¼ˆå¼•æ•°ãªã—ï¼‰","ãªã—"
"2025/06/19 23:28:59.532ç§’","çŒ«å®®ãƒŠãƒ„ã‚­","@nekomiyanatuki","#ãƒ­ã‚°","/admin-ms message list_templates","message: undefined","ãªã—"
"2025/06/19 23:29:26.582ç§’","çŒ«å®®ãƒŠãƒ„ã‚­","@nekomiyanatuki","#ãƒ­ã‚°","/admin-ms message announce","message: undefined","ãªã—"
"2025/06/20 00:37:38.814ç§’","çŒ«å®®ãƒŠãƒ„ã‚­","@nekomiyanatuki","#ãƒ­ã‚°","/admin-st system reload","system: undefined","Unknown interaction"
"2025/06/20 00:37:42.091ç§’","çŒ«å®®ãƒŠãƒ„ã‚­","@nekomiyanatuki","#ãƒ­ã‚°","/admin-st system auditlog","system: undefined","Unknown interaction"
"2025/06/21 03:54:56.171ç§’","çŒ«å®®ãƒŠãƒ„ã‚­","@nekomiyanatuki","#ãƒ­ã‚°","/admin-st system reload","system: undefined","ãªã—"
"2025/06/21 03:55:07.640ç§’","çŒ«å®®ãƒŠãƒ„ã‚­","@nekomiyanatuki","#ãƒ­ã‚°","/admin-ms message list_templates","message: undefined","ãªã—"
"2025/06/21 03:55:27.632ç§’","çŒ«å®®ãƒŠãƒ„ã‚­","@nekomiyanatuki","#ãƒ­ã‚°","/admin-ms log fetch","log: undefined","ãªã—"
"2025/06/21 03:56:02.690ç§’","çŒ«å®®ãƒŠãƒ„ã‚­","@nekomiyanatuki","#ãƒ­ã‚°","/admin-ms log fetch","log: undefined","ãªã—"
"2025/06/21 03:56:10.434ç§’","çŒ«å®®ãƒŠãƒ„ã‚­","@nekomiyanatuki","#ãƒ­ã‚°","/admin-ms message list_templates","message: undefined","ãªã—"
"2025/06/21 03:57:38.082ç§’","çŒ«å®®ãƒŠãƒ„ã‚­","@nekomiyanatuki","#ãƒ­ã‚°","/admin-ms message list_templates","message: undefined","Unknown interaction"
"2025/06/21 04:01:28.182ç§’","çŒ«å®®ãƒŠãƒ„ã‚­","@nekomiyanatuki","#ãƒ­ã‚°","/admin-ms message list_templates","message: undefined","ãªã—"
"2025/06/21 04:03:46.062ç§’","çŒ«å®®ãƒŠãƒ„ã‚­","@nekomiyanatuki","#ãƒ­ã‚°","/admin-ms message list_templates","message: undefined","ãªã—"
"2025/06/21 04:04:22.823ç§’","çŒ«å®®ãƒŠãƒ„ã‚­","@nekomiyanatuki","#ãƒ­ã‚°","/admin-ms message announce","message: undefined","ãªã—"
"2025/06/21 04:05:23.030ç§’","çŒ«å®®ãƒŠãƒ„ã‚­","@nekomiyanatuki","#ãƒ­ã‚°","/admin-ms message announce","message: undefined","ãªã—"
"2025/06/21 04:11:04.893ç§’","çŒ«å®®ãƒŠãƒ„ã‚­","@nekomiyanatuki","#ãƒ­ã‚°","/admin-ms message announce","message: undefined","ãªã—"
"2025/06/21 04:41:09.860ç§’","çŒ«å®®ãƒŠãƒ„ã‚­","@nekomiyanatuki","#ãƒ­ã‚°","/admin-ms message list_templates","message: undefined","ãªã—"
"2025/06/21 04:41:42.820ç§’","çŒ«å®®ãƒŠãƒ„ã‚­","@nekomiyanatuki","#ãƒ­ã‚°","/admin-ms message announce","message: undefined","ãªã—"
"2025/06/21 04:41:53.511ç§’","çŒ«å®®ãƒŠãƒ„ã‚­","@nekomiyanatuki","#ãƒ­ã‚°","/admin-ms message announce","message: undefined","ãªã—"
"2025/06/21 04:42:33.053ç§’","çŒ«å®®ãƒŠãƒ„ã‚­","@nekomiyanatuki","#ãƒ­ã‚°","/admin-ms message announce","message: undefined","ãªã—"
"2025/06/21 04:43:59.985ç§’","çŒ«å®®ãƒŠãƒ„ã‚­","@nekomiyanatuki","#ãƒ­ã‚°","/admin-ms message announce","message: undefined","ãªã—"
"2025/06/21 04:44:42.298ç§’","çŒ«å®®ãƒŠãƒ„ã‚­","@nekomiyanatuki","#ãƒ­ã‚°","/admin-ms message announce","message: undefined","ãªã—"
"2025/06/21 04:45:21.281ç§’","çŒ«å®®ãƒŠãƒ„ã‚­","@nekomiyanatuki","#ãƒ­ã‚°","/admin-ms message announce","message: undefined","ãªã—"
"2025/06/26 06:46:13.669ç§’","çŒ«å®®ãƒŠãƒ„ã‚­","@nekomiyanatuki","#ğŸ”¨ãƒ­ã‚°","/admin-ms message announce","message: undefined","ãªã—"
"2025/06/27 07:28:49.429ç§’","çŒ«å®®ãƒŠãƒ„ã‚­","@nekomiyanatuki","#ğŸ”¨ãƒ­ã‚°","/admin-ms message announce","message: undefined","ãªã—"
"2025/06/28 23:26:54.136ç§’","çŒ«å®®ãƒŠãƒ„ã‚­","@nekomiyanatuki","#ğŸ”¨ãƒ­ã‚°","/admin-st system reload","system: undefined","ãªã—"
"2025/06/28 23:27:16.247ç§’","çŒ«å®®ãƒŠãƒ„ã‚­","@nekomiyanatuki","#ğŸ”¨ãƒ­ã‚°","/admin-ms message list_templates","message: undefined","ãªã—"
"2025/06/28 23:27:53.150ç§’","çŒ«å®®ãƒŠãƒ„ã‚­","@nekomiyanatuki","#ğŸ”¨ãƒ­ã‚°","/admin-ms message announce","message: undefined","ãªã—"
"2025/06/28 23:28:40.513ç§’","çŒ«å®®ãƒŠãƒ„ã‚­","@nekomiyanatuki","#ğŸ”¨ãƒ­ã‚°","/admin-ms message announce","message: undefined","ãªã—"
"2025/06/28 23:30:45.010ç§’","çŒ«å®®ãƒŠãƒ„ã‚­","@nekomiyanatuki","#ğŸ”¨ãƒ­ã‚°","/admin-ms message announce","message: undefined","ãªã—"
"2025/06/28 23:31:07.014ç§’","çŒ«å®®ãƒŠãƒ„ã‚­","@nekomiyanatuki","#ğŸ”¨ãƒ­ã‚°","/admin-ms message announce","message: undefined","ãªã—"
"2025/06/28 23:32:46.824ç§’","çŒ«å®®ãƒŠãƒ„ã‚­","@nekomiyanatuki","#ğŸ”¨ãƒ­ã‚°","/admin-ms log fetch","log: undefined","ãªã—"
"2025/06/28 23:46:47.309ç§’","çŒ«å®®ãƒŠãƒ„ã‚­","@nekomiyanatuki","#ğŸ”¨ãƒ­ã‚°","/admin-st system reload","system: undefined","ãªã—"
"2025/06/28 23:46:51.277ç§’","çŒ«å®®ãƒŠãƒ„ã‚­","@nekomiyanatuki","#ğŸ”¨ãƒ­ã‚°","/admin-st system ping","system: undefined","ãªã—"
"2025/06/28 23:47:20.171ç§’","çŒ«å®®ãƒŠãƒ„ã‚­","@nekomiyanatuki","#ğŸ”¨ãƒ­ã‚°","/admin-ms message list_templates","message: undefined","ãªã—"
"2025/06/28 23:47:48.745ç§’","çŒ«å®®ãƒŠãƒ„ã‚­","@nekomiyanatuki","#ğŸ”¨ãƒ­ã‚°","/admin-ms message announce","message: undefined","ãªã—"
"2025/06/28 23:48:29.829ç§’","çŒ«å®®ãƒŠãƒ„ã‚­","@nekomiyanatuki","#ğŸ”¨ãƒ­ã‚°","/admin-ms message announce","message: undefined","ãªã—"
"2025/06/28 23:49:05.389ç§’","çŒ«å®®ãƒŠãƒ„ã‚­","@nekomiyanatuki","#ğŸ”¨ãƒ­ã‚°","/admin-ms message announce","message: undefined","ãªã—"
"2025/06/28 23:53:23.713ç§’","çŒ«å®®ãƒŠãƒ„ã‚­","@nekomiyanatuki","#ğŸ”¨ãƒ­ã‚°","/admin-ms message announce","message: undefined","ãªã—"
"2025/06/28 23:54:20.943ç§’","çŒ«å®®ãƒŠãƒ„ã‚­","@nekomiyanatuki","#ğŸ”¨ãƒ­ã‚°","/admin-ms message announce","message: undefined","ãªã—"
"2025/06/28 23:59:30.242ç§’","çŒ«å®®ãƒŠãƒ„ã‚­","@nekomiyanatuki","#ğŸ”‘ãƒ¢ãƒ‡ã®æ¦‚è¦","/admin-ms message list_templates","message: undefined","ãªã—"
"2025/06/29 00:01:18.858ç§’","çŒ«å®®ãƒŠãƒ„ã‚­","@nekomiyanatuki","#ğŸ”‘ãƒ¢ãƒ‡ã®æ¦‚è¦","/admin-ms message announce","message: undefined","ãªã—"
"2025/06/29 00:03:48.186ç§’","çŒ«å®®ãƒŠãƒ„ã‚­","@nekomiyanatuki","#ğŸ”‘ãƒ¢ãƒ‡ã®æ¦‚è¦","/admin-ms message announce","message: undefined","ãªã—"
"2025/06/29 00:21:02.197ç§’","çŒ«å®®ãƒŠãƒ„ã‚­","@nekomiyanatuki","#ğŸ”‘ãƒ¢ãƒ‡ã®æ¦‚è¦","/admin-ms message announce","message: undefined","ãªã—"
"2025/06/29 13:35:19.239ç§’","çŒ«å®®ãƒŠãƒ„ã‚­","@nekomiyanatuki","#ğŸ”¨ãƒ­ã‚°","/admin-wl  setverifyrole","setverifyrole: undefined","ãªã—"
"2025/06/29 13:37:02.302ç§’","çŒ«å®®ãƒŠãƒ„ã‚­","@nekomiyanatuki","#ğŸ”¨ãƒ­ã‚°","/admin-wl  setchannel","setchannel: undefined","ãªã—"
"2025/06/29 13:40:52.378ç§’","çŒ«å®®ãƒŠãƒ„ã‚­","@nekomiyanatuki","#ğŸ”¨ãƒ­ã‚°","/admin-wl  setchannel","setchannel: undefined","ãªã—"
"2025/06/29 13:41:04.865ç§’","çŒ«å®®ãƒŠãƒ„ã‚­","@nekomiyanatuki","#ğŸ”¨ãƒ­ã‚°","/admin-wl  setchannel","setchannel: undefined","ãªã—"
"2025/06/29 13:41:21.481ç§’","çŒ«å®®ãƒŠãƒ„ã‚­","@nekomiyanatuki","#ğŸ”¨ãƒ­ã‚°","/admin-wl  setchannel","setchannel: undefined","ãªã—"
"2025/06/29 13:41:40.087ç§’","çŒ«å®®ãƒŠãƒ„ã‚­","@nekomiyanatuki","#ğŸ”¨ãƒ­ã‚°","/admin-wl  setchannel","setchannel: undefined","ãªã—"
"2025/06/29 13:41:48.212ç§’","çŒ«å®®ãƒŠãƒ„ã‚­","@nekomiyanatuki","#ğŸ”¨ãƒ­ã‚°","/admin-wl  setchannel","setchannel: undefined","ãªã—"
"2025/06/29 13:42:11.679ç§’","çŒ«å®®ãƒŠãƒ„ã‚­","@nekomiyanatuki","#ğŸ”¨ãƒ­ã‚°","/admin-wl  setverifyrole","setverifyrole: undefined","ãªã—"
"2025/06/29 13:42:54.301ç§’","çŒ«å®®ãƒŠãƒ„ã‚­","@nekomiyanatuki","#ğŸ”¨ãƒ­ã‚°","/admin-wl setwelcome channel","setwelcome: undefined","ãªã—"
"2025/06/29 13:43:27.282ç§’","çŒ«å®®ãƒŠãƒ„ã‚­","@nekomiyanatuki","#ğŸ”¨ãƒ­ã‚°","/admin-st system reload","system: undefined","ãªã—"
"2025/06/29 13:44:26.449ç§’","çŒ«å®®ãƒŠãƒ„ã‚­","@nekomiyanatuki","#ğŸ”¨ãƒ­ã‚°","/admin-ms message list_templates","message: undefined","ãªã—"
"2025/06/29 13:45:12.504ç§’","çŒ«å®®ãƒŠãƒ„ã‚­","@nekomiyanatuki","#ğŸ”¨ãƒ­ã‚°","/admin-ms message announce","message: undefined","ãªã—"
"2025/06/29 13:45:55.138ç§’","çŒ«å®®ãƒŠãƒ„ã‚­","@nekomiyanatuki","#ğŸ”¨ãƒ­ã‚°","/admin-ms message announce","message: undefined","ãªã—"
"2025/06/29 13:47:02.400ç§’","çŒ«å®®ãƒŠãƒ„ã‚­","@nekomiyanatuki","#ğŸ”¨ãƒ­ã‚°","/admin-ms message announce","message: undefined","ãªã—"
"2025/06/29 13:47:26.893ç§’","çŒ«å®®ãƒŠãƒ„ã‚­","@nekomiyanatuki","#ğŸ”¨ãƒ­ã‚°","/admin-ms message announce","message: undefined","ãªã—"
"2025/06/30 13:36:57.690ç§’","çŒ«å®®ãƒŠãƒ„ã‚­","@nekomiyanatuki","#ğŸ”¨ãƒ­ã‚°","/admin-wl  listsettings","listsettings: undefined","ãªã—"
"2025/06/30 13:47:07.613ç§’","çŒ«å®®ãƒŠãƒ„ã‚­","@nekomiyanatuki","#ğŸ”¨ãƒ­ã‚°","/admin-wl setwelcome channel","setwelcome: undefined","ãªã—"
"2025/06/30 13:47:44.713ç§’","çŒ«å®®ãƒŠãƒ„ã‚­","@nekomiyanatuki","#ğŸ”¨ãƒ­ã‚°","/admin-wl  listsettings","listsettings: undefined","ãªã—"
"2025/07/02 06:07:11.974ç§’","çŒ«å®®ãƒŠãƒ„ã‚­","@nekomiyanatuki","#ğŸ”¨ãƒ­ã‚°","/admin-ms message list_templates","message: undefined","ãªã—"
"2025/07/02 06:08:09.763ç§’","çŒ«å®®ãƒŠãƒ„ã‚­","@nekomiyanatuki","#ğŸ”¨ãƒ­ã‚°","/admin-ms message announce","message: undefined","ãªã—"
"2025/07/02 06:09:31.754ç§’","çŒ«å®®ãƒŠãƒ„ã‚­","@nekomiyanatuki","#ğŸ”¨ãƒ­ã‚°","/admin-ms message announce","message: undefined","ãªã—"
"2025/07/02 06:23:54.673ç§’","çŒ«å®®ãƒŠãƒ„ã‚­","@nekomiyanatuki","#ğŸ”¨ãƒ­ã‚°","/admin-ms message announce","message: undefined","ãªã—"
"2025/07/02 06:24:54.485ç§’","çŒ«å®®ãƒŠãƒ„ã‚­","@nekomiyanatuki","#ğŸ”¨ãƒ­ã‚°","/admin-ms message announce","message: undefined","ãªã—"
"2025/07/02 06:40:15.857ç§’","çŒ«å®®ãƒŠãƒ„ã‚­","@nekomiyanatuki","#ğŸ”‘ãƒ¢ãƒ‡ã®æ¦‚è¦","/admin-ms message announce","message: undefined","ãªã—"
"2025/07/02 06:42:59.672ç§’","çŒ«å®®ãƒŠãƒ„ã‚­","@nekomiyanatuki","#ğŸ”¨ãƒ­ã‚°","/admin-ms message announce","message: undefined","ãªã—"
"2025/07/02 06:43:20.560ç§’","çŒ«å®®ãƒŠãƒ„ã‚­","@nekomiyanatuki","#ğŸ”‘ãƒ¢ãƒ‡ã®æ¦‚è¦","/admin-ms message announce","message: undefined","ãªã—"
"2025/07/03 05:09:19.641ç§’","çŒ«å®®ãƒŠãƒ„ã‚­","@nekomiyanatuki","ä¸æ˜","/admin-st system ping","system: undefined","ãªã—"
"2025/07/03 07:08:57.201ç§’","çŒ«å®®ãƒŠãƒ„ã‚­","@nekomiyanatuki","ä¸æ˜","/admin-ms message list_templates","message: undefined","ãªã—"
"2025/07/05 11:07:38.559ç§’","çŒ«å®®ãƒŠãƒ„ã‚­","@nekomiyanatuki","#ğŸ”¨ãƒ­ã‚°","/openhtml","ï¼ˆå¼•æ•°ãªã—ï¼‰","ãªã—"
"2025/07/05 11:08:48.106ç§’","çŒ«å®®ãƒŠãƒ„ã‚­","@nekomiyanatuki","#ğŸ”¨ãƒ­ã‚°","/openhtml","ï¼ˆå¼•æ•°ãªã—ï¼‰","ãªã—"
"2025/07/05 11:09:22.627ç§’","çŒ«å®®ãƒŠãƒ„ã‚­","@nekomiyanatuki","#ğŸ”¨ãƒ­ã‚°","/openhtml","ï¼ˆå¼•æ•°ãªã—ï¼‰","ãªã—"
"2025/07/05 11:14:21.437ç§’","çŒ«å®®ãƒŠãƒ„ã‚­","@nekomiyanatuki","#ğŸ”¨ãƒ­ã‚°","/openhtml","ï¼ˆå¼•æ•°ãªã—ï¼‰","ãªã—"
"2025/07/06 05:23:10.122ç§’","çŒ«å®®ãƒŠãƒ„ã‚­","@nekomiyanatuki","#ğŸ”¨ãƒ­ã‚°","/openhtml","ï¼ˆå¼•æ•°ãªã—ï¼‰","ãªã—"
"2025/07/06 05:58:44.532ç§’","çŒ«å®®ãƒŠãƒ„ã‚­","@nekomiyanatuki","#ğŸ”¨ãƒ­ã‚°","/openhtml","ï¼ˆå¼•æ•°ãªã—ï¼‰","ãªã—"
"2025/07/06 07:04:10.936ç§’","çŒ«å®®ãƒŠãƒ„ã‚­","@nekomiyanatuki","#ğŸ”¨ãƒ­ã‚°","/openhtml","ï¼ˆå¼•æ•°ãªã—ï¼‰","ãªã—"
"2025/07/06 15:14:20.650ç§’","çŒ«å®®ãƒŠãƒ„ã‚­","@nekomiyanatuki","#ğŸ”¨ãƒ­ã‚°","/admin-ms message announce","message: undefined","ãªã—"
"2025/07/06 15:14:46.094ç§’","çŒ«å®®ãƒŠãƒ„ã‚­","@nekomiyanatuki","#ğŸ”¨ãƒ­ã‚°","/admin-ms message announce","message: undefined","ãªã—"
"2025/07/06 15:15:10.777ç§’","çŒ«å®®ãƒŠãƒ„ã‚­","@nekomiyanatuki","#ğŸ”¨ãƒ­ã‚°","/admin-ms message announce","message: undefined","ãªã—"
"2025/07/06 15:26:22.117ç§’","çŒ«å®®ãƒŠãƒ„ã‚­","@nekomiyanatuki","#ğŸ”¨ãƒ­ã‚°","/openhtml","ï¼ˆå¼•æ•°ãªã—ï¼‰","ãªã—"
"2025/07/06 15:26:51.071ç§’","çŒ«å®®ãƒŠãƒ„ã‚­","@nekomiyanatuki","#ğŸ”¨ãƒ­ã‚°","/admin-ms message announce","message: undefined","ãªã—"
"2025/07/06 15:27:19.779ç§’","çŒ«å®®ãƒŠãƒ„ã‚­","@nekomiyanatuki","#ğŸ”¨ãƒ­ã‚°","/admin-ms message announce","message: undefined","ãªã—"
"2025/07/06 15:28:02.412ç§’","çŒ«å®®ãƒŠãƒ„ã‚­","@nekomiyanatuki","#ğŸ”¨ãƒ­ã‚°","/admin-ms message announce","message: undefined","ãªã—"
"2025/07/06 15:28:22.183ç§’","çŒ«å®®ãƒŠãƒ„ã‚­","@nekomiyanatuki","#ğŸ”¨ãƒ­ã‚°","/admin-ms message announce","message: undefined","ãªã—"
"2025/07/06 15:34:01.665ç§’","çŒ«å®®ãƒŠãƒ„ã‚­","@nekomiyanatuki","#ğŸ”¨ãƒ­ã‚°","/admin-ms message announce","message: undefined","ãªã—"
"2025/07/06 15:35:09.248ç§’","çŒ«å®®ãƒŠãƒ„ã‚­","@nekomiyanatuki","#ğŸ”¨ãƒ­ã‚°","/admin-ms message announce","message: undefined","ãªã—"
"2025/07/06 15:40:03.211ç§’","çŒ«å®®ãƒŠãƒ„ã‚­","@nekomiyanatuki","#ğŸ”¨ãƒ­ã‚°","/admin-ms message announce","message: undefined","ãªã—"
"2025/07/06 15:41:15.279ç§’","çŒ«å®®ãƒŠãƒ„ã‚­","@nekomiyanatuki","#ğŸ”¨ãƒ­ã‚°","/admin-ms message announce","message: undefined","ãªã—"
"2025/07/06 15:41:52.217ç§’","çŒ«å®®ãƒŠãƒ„ã‚­","@nekomiyanatuki","#ğŸ”¨ãƒ­ã‚°","/admin-ms message announce","message: undefined","ãªã—"
"2025/07/08 12:35:55.919ç§’","çŒ«å®®ãƒŠãƒ„ã‚­","@nekomiyanatuki","#ğŸ”¨ãƒ­ã‚°","/openhtml","ï¼ˆå¼•æ•°ãªã—ï¼‰","ãªã—"
"2025/07/08 19:46:31.146ç§’","çŒ«å®®ãƒŠãƒ„ã‚­","@nekomiyanatuki","#ğŸ”‘ãƒ¢ãƒ‡ã®æ¦‚è¦","/admin-ms message announce","message: undefined","ãªã—"
"2025/07/09 00:35:33.901ç§’","çŒ«å®®ãƒŠãƒ„ã‚­","@nekomiyanatuki","#ğŸ”¨ãƒ­ã‚°","/admin-st system webhook","system: undefined","ãªã—"
"2025/07/09 00:38:01.205ç§’","çŒ«å®®ãƒŠãƒ„ã‚­","@nekomiyanatuki","#ğŸ”¨ãƒ­ã‚°","/admin-st system webhook","system: undefined","ãªã—"
"2025/07/09 00:39:35.225ç§’","çŒ«å®®ãƒŠãƒ„ã‚­","@nekomiyanatuki","#ğŸ”¨ãƒ­ã‚°","/admin-st system webhook","system: undefined","ãªã—"
"2025/07/10 03:23:20.411ç§’","çŒ«å®®ãƒŠãƒ„ã‚­","@nekomiyanatuki","#ğŸ”‘ãƒ¢ãƒ‡ã®æ¦‚è¦","/admin-ms message announce","message: undefined","ãªã—"
"2025/07/10 03:24:08.482ç§’","çŒ«å®®ãƒŠãƒ„ã‚­","@nekomiyanatuki","#ğŸ”‘ãƒ¢ãƒ‡ã®æ¦‚è¦","/admin-ms message announce","message: undefined","ãªã—"
"2025/07/10 08:25:45.910ç§’","çŒ«å®®ãƒŠãƒ„ã‚­","@nekomiyanatuki","#ğŸ”¨ãƒ­ã‚°","/openhtml","ï¼ˆå¼•æ•°ãªã—ï¼‰","ãªã—"
"2025/07/11 22:18:52.463ç§’","çŒ«å®®ãƒŠãƒ„ã‚­","@nekomiyanatuki","#ğŸ”¨ãƒ­ã‚°","/admin-iv invite cooldown","invite: undefined","ãªã—"
"2025/07/12 08:19:20.358ç§’","çŒ«å®®ãƒŠãƒ„ã‚­","@nekomiyanatuki","#ğŸ”‘ãƒ¢ãƒ‡ã®æ¦‚è¦","/admin-ms message announce","message: undefined","ãªã—"
"2025/07/12 08:20:04.864ç§’","çŒ«å®®ãƒŠãƒ„ã‚­","@nekomiyanatuki","#ğŸ”‘ãƒ¢ãƒ‡ã®æ¦‚è¦","/admin-ms message announce","message: undefined","ãªã—"
"2025/07/12 13:29:20.586ç§’","çŒ«å®®ãƒŠãƒ„ã‚­","@nekomiyanatuki","#ï½–ï½ƒé›‘è«‡","/notify  configure","configure: undefined","ãªã—"
"2025/07/12 13:30:16.442ç§’","çŒ«å®®ãƒŠãƒ„ã‚­","@nekomiyanatuki","#ï½–ï½ƒé›‘è«‡","/notify  list","list: undefined","ãªã—"
"2025/07/12 13:30:30.038ç§’","çŒ«å®®ãƒŠãƒ„ã‚­","@nekomiyanatuki","#ï½–ï½ƒé›‘è«‡","/notify  status","status: undefined","ãªã—"
"2025/07/12 13:33:01.413ç§’","çŒ«å®®ãƒŠãƒ„ã‚­","@nekomiyanatuki","#ï½–ï½ƒé›‘è«‡","/notify  delete","delete: undefined","ãªã—"
"2025/07/12 13:33:22.711ç§’","çŒ«å®®ãƒŠãƒ„ã‚­","@nekomiyanatuki","#ï½–ï½ƒé›‘è«‡","/notify  delete","delete: undefined","ãªã—"
"2025/07/15 04:52:31.193ç§’","çŒ«å®®ãƒŠãƒ„ã‚­","@nekomiyanatuki","#ğŸ”¨ãƒ­ã‚°","/admin-iv invite revoke","invite: undefined","ãªã—"
"2025/07/15 04:57:24.196ç§’","é­‚èŒã«ã‚ƒã‚Šã™â™¡","@nekomiyanatuki.","#ğŸ”¨ãƒ­ã‚°","/timeselect","mode: preset","Invalid Form Body
data.components[BASE_TYPE_MAX_LENGTH]: Must be 5 or fewer in length."
"2025/07/15 04:57:45.104ç§’","é­‚èŒã«ã‚ƒã‚Šã™â™¡","@nekomiyanatuki.","#ğŸ”¨ãƒ­ã‚°","/everina","ï¼ˆå¼•æ•°ãªã—ï¼‰","ãªã—"
"2025/07/16 04:45:07.114ç§’","çŒ«å®®ãƒŠãƒ„ã‚­","@nekomiyanatuki","#ğŸ”‘ãƒ¢ãƒ‡ã®æ¦‚è¦","/admin-ms message announce","message: undefined","ãªã—"
"2025/07/22 00:56:15.920ç§’","çŒ«å®®ãƒŠãƒ„ã‚­","@nekomiyanatuki","#ğŸ”¨ãƒ­ã‚°","/admin-st system webhook","system: undefined","ãªã—"
"2025/07/22 00:57:38.876ç§’","çŒ«å®®ãƒŠãƒ„ã‚­","@nekomiyanatuki","#ğŸ”¨ãƒ­ã‚°","/admin-st system webhook","system: undefined","ãªã—"
"2025/07/22 00:58:23.076ç§’","çŒ«å®®ãƒŠãƒ„ã‚­","@nekomiyanatuki","#ğŸ”¨ãƒ­ã‚°","/admin-st system webhook","system: undefined","ãªã—"
"2025/07/22 01:23:13.247ç§’","çŒ«å®®ãƒŠãƒ„ã‚­","@nekomiyanatuki","#â”‹é¯–ä¸»ã®ãƒœãƒƒãƒˆæ“ä½œ","/admin-wl  setchannel","setchannel: undefined","ãªã—"
"2025/07/22 01:24:16.943ç§’","çŒ«å®®ãƒŠãƒ„ã‚­","@nekomiyanatuki","#â”‹é¯–ä¸»ã®ãƒœãƒƒãƒˆæ“ä½œ","/admin-wl  setchannel","setchannel: undefined","ãªã—"
"2025/07/22 01:24:38.736ç§’","çŒ«å®®ãƒŠãƒ„ã‚­","@nekomiyanatuki","#â”‹é¯–ä¸»ã®ãƒœãƒƒãƒˆæ“ä½œ","/admin-wl  setchannel","setchannel: undefined","ãªã—"
"2025/07/22 01:24:55.892ç§’","çŒ«å®®ãƒŠãƒ„ã‚­","@nekomiyanatuki","#â”‹é¯–ä¸»ã®ãƒœãƒƒãƒˆæ“ä½œ","/admin-wl  setchannel","setchannel: undefined","ãªã—"
"2025/07/22 01:25:54.707ç§’","çŒ«å®®ãƒŠãƒ„ã‚­","@nekomiyanatuki","#â”‹é¯–ä¸»ã®ãƒœãƒƒãƒˆæ“ä½œ","/admin-wl  setverifyrole","setverifyrole: undefined","ãªã—"
"2025/07/22 01:26:43.854ç§’","çŒ«å®®ãƒŠãƒ„ã‚­","@nekomiyanatuki","#â”‹é¯–ä¸»ã®ãƒœãƒƒãƒˆæ“ä½œ","/admin-wl setwelcome channel","setwelcome: undefined","ãªã—"
"2025/07/22 01:27:23.022ç§’","çŒ«å®®ãƒŠãƒ„ã‚­","@nekomiyanatuki","#â”‹ãƒœã‚¤ãƒãƒ£é›‘è«‡","/notify  configure","configure: undefined","ãªã—"
"2025/07/22 01:28:43.750ç§’","çŒ«å®®ãƒŠãƒ„ã‚­","@nekomiyanatuki","#â”‹vcé€šçŸ¥","/notify  configure","configure: undefined","ãªã—"
"2025/07/22 01:29:52.094ç§’","çŒ«å®®ãƒŠãƒ„ã‚­","@nekomiyanatuki","#â”‹vcé€šçŸ¥","/notify  configure","configure: undefined","ãªã—"
"2025/07/24 13:59:09.195ç§’","çŒ«å®®ãƒŠãƒ„ã‚­","@nekomiyanatuki","#ğŸ”‘ãƒ¢ãƒ‡ã®æ¦‚è¦","/admin-ms message announce","message: undefined","ãªã—"
"2025/07/24 13:59:32.747ç§’","çŒ«å®®ãƒŠãƒ„ã‚­","@nekomiyanatuki","#ğŸ”‘ãƒ¢ãƒ‡ã®æ¦‚è¦","/admin-ms message announce","message: undefined","ãªã—"
